[
{
  "model": "home.homepagecarouselitem",
  "pk": 3,
  "fields": {
    "sort_order": 1,
    "link_external": "https://en.wikipedia.org/wiki/Andromeda_Galaxy",
    "link_page": null,
    "link_document": null,
    "image": 35,
    "embed_url": "",
    "caption": "m31",
    "page": 3
  }
},
{
  "model": "home.homepagecarouselitem",
  "pk": 7,
  "fields": {
    "sort_order": 0,
    "link_external": "",
    "link_page": null,
    "link_document": null,
    "image": 37,
    "embed_url": "",
    "caption": "virgo cluster",
    "page": 3
  }
},
{
  "model": "home.homepagecarouselitem",
  "pk": 8,
  "fields": {
    "sort_order": 2,
    "link_external": "",
    "link_page": null,
    "link_document": null,
    "image": 36,
    "embed_url": "",
    "caption": "m31 (ALLWISE)",
    "page": 3
  }
},
{
  "model": "home.homepagecarouselitem",
  "pk": 9,
  "fields": {
    "sort_order": 3,
    "link_external": "",
    "link_page": null,
    "link_document": null,
    "image": 33,
    "embed_url": "",
    "caption": "m51",
    "page": 3
  }
},
{
  "model": "home.homepagecarouselitem",
  "pk": 10,
  "fields": {
    "sort_order": 4,
    "link_external": "",
    "link_page": null,
    "link_document": null,
    "image": 32,
    "embed_url": "",
    "caption": "m33",
    "page": 3
  }
},
{
  "model": "home.homepagecarouselitem",
  "pk": 11,
  "fields": {
    "sort_order": 5,
    "link_external": "",
    "link_page": null,
    "link_document": null,
    "image": 26,
    "embed_url": "",
    "caption": "virgo cluster",
    "page": 3
  }
},
{
  "model": "home.homepagecarouselitem",
  "pk": 12,
  "fields": {
    "sort_order": 9,
    "link_external": "",
    "link_page": null,
    "link_document": null,
    "image": 21,
    "embed_url": "",
    "caption": "m101",
    "page": 3
  }
},
{
  "model": "home.homepagecarouselitem",
  "pk": 13,
  "fields": {
    "sort_order": 6,
    "link_external": "",
    "link_page": null,
    "link_document": null,
    "image": 24,
    "embed_url": "",
    "caption": "m109",
    "page": 3
  }
},
{
  "model": "home.homepagecarouselitem",
  "pk": 14,
  "fields": {
    "sort_order": 10,
    "link_external": "",
    "link_page": null,
    "link_document": null,
    "image": 20,
    "embed_url": "",
    "caption": "m101",
    "page": 3
  }
},
{
  "model": "home.homepagecarouselitem",
  "pk": 15,
  "fields": {
    "sort_order": 7,
    "link_external": "",
    "link_page": null,
    "link_document": null,
    "image": 23,
    "embed_url": "",
    "caption": "m106",
    "page": 3
  }
},
{
  "model": "home.homepagecarouselitem",
  "pk": 16,
  "fields": {
    "sort_order": 8,
    "link_external": "",
    "link_page": null,
    "link_document": null,
    "image": 22,
    "embed_url": "",
    "caption": "m104",
    "page": 3
  }
},
{
  "model": "home.homepagecarouselitem",
  "pk": 17,
  "fields": {
    "sort_order": 11,
    "link_external": "",
    "link_page": null,
    "link_document": null,
    "image": 19,
    "embed_url": "",
    "caption": "m87",
    "page": 3
  }
},
{
  "model": "home.homepagecarouselitem",
  "pk": 18,
  "fields": {
    "sort_order": 12,
    "link_external": "",
    "link_page": null,
    "link_document": null,
    "image": 18,
    "embed_url": "",
    "caption": "m81 group",
    "page": 3
  }
},
{
  "model": "home.homepagecarouselitem",
  "pk": 19,
  "fields": {
    "sort_order": 13,
    "link_external": "",
    "link_page": null,
    "link_document": null,
    "image": 17,
    "embed_url": "",
    "caption": "m81",
    "page": 3
  }
},
{
  "model": "home.homepagecarouselitem",
  "pk": 20,
  "fields": {
    "sort_order": 14,
    "link_external": "",
    "link_page": null,
    "link_document": null,
    "image": 16,
    "embed_url": "",
    "caption": "m66",
    "page": 3
  }
},
{
  "model": "home.homepagecarouselitem",
  "pk": 21,
  "fields": {
    "sort_order": 15,
    "link_external": "",
    "link_page": null,
    "link_document": null,
    "image": 15,
    "embed_url": "",
    "caption": "m64",
    "page": 3
  }
},
{
  "model": "home.homepagecarouselitem",
  "pk": 22,
  "fields": {
    "sort_order": 16,
    "link_external": "",
    "link_page": null,
    "link_document": null,
    "image": 14,
    "embed_url": "",
    "caption": "m51",
    "page": 3
  }
},
{
  "model": "wagtailimages.filter",
  "pk": 1,
  "fields": {
    "spec": "max-165x165"
  }
},
{
  "model": "wagtailimages.filter",
  "pk": 2,
  "fields": {
    "spec": "width-1000"
  }
},
{
  "model": "wagtailimages.filter",
  "pk": 3,
  "fields": {
    "spec": "original"
  }
},
{
  "model": "wagtailimages.filter",
  "pk": 4,
  "fields": {
    "spec": "max-800x600"
  }
},
{
  "model": "wagtailimages.filter",
  "pk": 5,
  "fields": {
    "spec": "width-100"
  }
},
{
  "model": "wagtailimages.filter",
  "pk": 6,
  "fields": {
    "spec": ""
  }
},
{
  "model": "wagtailimages.filter",
  "pk": 7,
  "fields": {
    "spec": "width-2000"
  }
},
{
  "model": "wagtailimages.filter",
  "pk": 8,
  "fields": {
    "spec": "width-200"
  }
},
{
  "model": "wagtailimages.filter",
  "pk": 9,
  "fields": {
    "spec": "width-2000|height-auto"
  }
},
{
  "model": "wagtailimages.filter",
  "pk": 10,
  "fields": {
    "spec": "width-3000"
  }
},
{
  "model": "wagtailimages.rendition",
  "pk": 46,
  "fields": {
    "filter": 1,
    "file": "images/m51.max-165x165.jpg",
    "width": 165,
    "height": 79,
    "focal_point_key": "",
    "image": 33
  }
},
{
  "model": "wagtailimages.rendition",
  "pk": 47,
  "fields": {
    "filter": 1,
    "file": "images/m33wide.max-165x165.jpg",
    "width": 165,
    "height": 79,
    "focal_point_key": "",
    "image": 32
  }
},
{
  "model": "wagtailimages.rendition",
  "pk": 53,
  "fields": {
    "filter": 1,
    "file": "images/virgo_cluster.max-165x165.jpg",
    "width": 165,
    "height": 79,
    "focal_point_key": "",
    "image": 26
  }
},
{
  "model": "wagtailimages.rendition",
  "pk": 54,
  "fields": {
    "filter": 1,
    "file": "images/pair.max-165x165.jpg",
    "width": 165,
    "height": 79,
    "focal_point_key": "",
    "image": 25
  }
},
{
  "model": "wagtailimages.rendition",
  "pk": 55,
  "fields": {
    "filter": 1,
    "file": "images/m109wide.max-165x165.jpg",
    "width": 165,
    "height": 79,
    "focal_point_key": "",
    "image": 24
  }
},
{
  "model": "wagtailimages.rendition",
  "pk": 56,
  "fields": {
    "filter": 1,
    "file": "images/m106wide.max-165x165.jpg",
    "width": 165,
    "height": 79,
    "focal_point_key": "",
    "image": 23
  }
},
{
  "model": "wagtailimages.rendition",
  "pk": 57,
  "fields": {
    "filter": 1,
    "file": "images/m104wide.max-165x165.jpg",
    "width": 165,
    "height": 79,
    "focal_point_key": "",
    "image": 22
  }
},
{
  "model": "wagtailimages.rendition",
  "pk": 58,
  "fields": {
    "filter": 3,
    "file": "images/virgo_cluster.original.jpg",
    "width": 1366,
    "height": 657,
    "focal_point_key": "",
    "image": 26
  }
},
{
  "model": "wagtailimages.rendition",
  "pk": 59,
  "fields": {
    "filter": 4,
    "file": "images/virgo_cluster.max-800x600.jpg",
    "width": 800,
    "height": 384,
    "focal_point_key": "",
    "image": 26
  }
},
{
  "model": "wagtailimages.rendition",
  "pk": 60,
  "fields": {
    "filter": 3,
    "file": "images/m106wide.original.jpg",
    "width": 1366,
    "height": 657,
    "focal_point_key": "",
    "image": 23
  }
},
{
  "model": "wagtailimages.rendition",
  "pk": 61,
  "fields": {
    "filter": 4,
    "file": "images/m106wide.max-800x600.jpg",
    "width": 800,
    "height": 384,
    "focal_point_key": "",
    "image": 23
  }
},
{
  "model": "wagtailimages.rendition",
  "pk": 62,
  "fields": {
    "filter": 3,
    "file": "images/pair.original.jpg",
    "width": 1366,
    "height": 657,
    "focal_point_key": "",
    "image": 25
  }
},
{
  "model": "wagtailimages.rendition",
  "pk": 63,
  "fields": {
    "filter": 4,
    "file": "images/pair.max-800x600.jpg",
    "width": 800,
    "height": 384,
    "focal_point_key": "",
    "image": 25
  }
},
{
  "model": "wagtailimages.rendition",
  "pk": 64,
  "fields": {
    "filter": 1,
    "file": "images/m101wide2.max-165x165.jpg",
    "width": 165,
    "height": 79,
    "focal_point_key": "",
    "image": 21
  }
},
{
  "model": "wagtailimages.rendition",
  "pk": 65,
  "fields": {
    "filter": 1,
    "file": "images/m101wide.max-165x165.jpg",
    "width": 165,
    "height": 79,
    "focal_point_key": "",
    "image": 20
  }
},
{
  "model": "wagtailimages.rendition",
  "pk": 66,
  "fields": {
    "filter": 1,
    "file": "images/m87wide.max-165x165.jpg",
    "width": 165,
    "height": 79,
    "focal_point_key": "",
    "image": 19
  }
},
{
  "model": "wagtailimages.rendition",
  "pk": 67,
  "fields": {
    "filter": 1,
    "file": "images/m81group.max-165x165.jpg",
    "width": 165,
    "height": 79,
    "focal_point_key": "",
    "image": 18
  }
},
{
  "model": "wagtailimages.rendition",
  "pk": 68,
  "fields": {
    "filter": 1,
    "file": "images/m81.max-165x165.jpg",
    "width": 165,
    "height": 79,
    "focal_point_key": "",
    "image": 17
  }
},
{
  "model": "wagtailimages.rendition",
  "pk": 69,
  "fields": {
    "filter": 1,
    "file": "images/m66wide.max-165x165.jpg",
    "width": 165,
    "height": 79,
    "focal_point_key": "",
    "image": 16
  }
},
{
  "model": "wagtailimages.rendition",
  "pk": 70,
  "fields": {
    "filter": 1,
    "file": "images/m64widesdss.max-165x165.jpg",
    "width": 165,
    "height": 79,
    "focal_point_key": "",
    "image": 15
  }
},
{
  "model": "wagtailimages.rendition",
  "pk": 71,
  "fields": {
    "filter": 1,
    "file": "images/m51sdss.max-165x165.jpg",
    "width": 165,
    "height": 79,
    "focal_point_key": "",
    "image": 14
  }
},
{
  "model": "wagtailimages.rendition",
  "pk": 73,
  "fields": {
    "filter": 10,
    "file": "images/m51.width-3000.jpg",
    "width": 1366,
    "height": 657,
    "focal_point_key": "",
    "image": 33
  }
},
{
  "model": "wagtailimages.rendition",
  "pk": 74,
  "fields": {
    "filter": 10,
    "file": "images/virgo_cluster.width-3000.jpg",
    "width": 1366,
    "height": 657,
    "focal_point_key": "",
    "image": 26
  }
},
{
  "model": "wagtailimages.rendition",
  "pk": 75,
  "fields": {
    "filter": 10,
    "file": "images/m104wide.width-3000.jpg",
    "width": 1366,
    "height": 657,
    "focal_point_key": "",
    "image": 22
  }
},
{
  "model": "wagtailimages.rendition",
  "pk": 76,
  "fields": {
    "filter": 10,
    "file": "images/m101wide.width-3000.jpg",
    "width": 1366,
    "height": 657,
    "focal_point_key": "",
    "image": 20
  }
},
{
  "model": "wagtailimages.rendition",
  "pk": 77,
  "fields": {
    "filter": 10,
    "file": "images/m109wide.width-3000.jpg",
    "width": 1366,
    "height": 657,
    "focal_point_key": "",
    "image": 24
  }
},
{
  "model": "wagtailimages.rendition",
  "pk": 78,
  "fields": {
    "filter": 10,
    "file": "images/m87wide.width-3000.jpg",
    "width": 1366,
    "height": 657,
    "focal_point_key": "",
    "image": 19
  }
},
{
  "model": "wagtailimages.rendition",
  "pk": 79,
  "fields": {
    "filter": 10,
    "file": "images/m81.width-3000.jpg",
    "width": 1366,
    "height": 657,
    "focal_point_key": "",
    "image": 17
  }
},
{
  "model": "wagtailimages.rendition",
  "pk": 80,
  "fields": {
    "filter": 10,
    "file": "images/m66wide.width-3000.jpg",
    "width": 1366,
    "height": 657,
    "focal_point_key": "",
    "image": 16
  }
},
{
  "model": "wagtailimages.rendition",
  "pk": 81,
  "fields": {
    "filter": 10,
    "file": "images/m64widesdss.width-3000.jpg",
    "width": 1366,
    "height": 657,
    "focal_point_key": "",
    "image": 15
  }
},
{
  "model": "wagtailimages.rendition",
  "pk": 82,
  "fields": {
    "filter": 10,
    "file": "images/m51sdss.width-3000.jpg",
    "width": 1366,
    "height": 657,
    "focal_point_key": "",
    "image": 14
  }
},
{
  "model": "wagtailimages.rendition",
  "pk": 84,
  "fields": {
    "filter": 3,
    "file": "images/m51.original.jpg",
    "width": 1366,
    "height": 657,
    "focal_point_key": "",
    "image": 33
  }
},
{
  "model": "wagtailimages.rendition",
  "pk": 85,
  "fields": {
    "filter": 3,
    "file": "images/m104wide.original.jpg",
    "width": 1366,
    "height": 657,
    "focal_point_key": "",
    "image": 22
  }
},
{
  "model": "wagtailimages.rendition",
  "pk": 86,
  "fields": {
    "filter": 3,
    "file": "images/m101wide.original.jpg",
    "width": 1366,
    "height": 657,
    "focal_point_key": "",
    "image": 20
  }
},
{
  "model": "wagtailimages.rendition",
  "pk": 87,
  "fields": {
    "filter": 3,
    "file": "images/m109wide.original.jpg",
    "width": 1366,
    "height": 657,
    "focal_point_key": "",
    "image": 24
  }
},
{
  "model": "wagtailimages.rendition",
  "pk": 88,
  "fields": {
    "filter": 3,
    "file": "images/m87wide.original.jpg",
    "width": 1366,
    "height": 657,
    "focal_point_key": "",
    "image": 19
  }
},
{
  "model": "wagtailimages.rendition",
  "pk": 89,
  "fields": {
    "filter": 3,
    "file": "images/m81.original.jpg",
    "width": 1366,
    "height": 657,
    "focal_point_key": "",
    "image": 17
  }
},
{
  "model": "wagtailimages.rendition",
  "pk": 90,
  "fields": {
    "filter": 3,
    "file": "images/m66wide.original.jpg",
    "width": 1366,
    "height": 657,
    "focal_point_key": "",
    "image": 16
  }
},
{
  "model": "wagtailimages.rendition",
  "pk": 91,
  "fields": {
    "filter": 3,
    "file": "images/m64widesdss.original.jpg",
    "width": 1366,
    "height": 657,
    "focal_point_key": "",
    "image": 15
  }
},
{
  "model": "wagtailimages.rendition",
  "pk": 92,
  "fields": {
    "filter": 3,
    "file": "images/m51sdss.original.jpg",
    "width": 1366,
    "height": 657,
    "focal_point_key": "",
    "image": 14
  }
},
{
  "model": "wagtailimages.rendition",
  "pk": 95,
  "fields": {
    "filter": 1,
    "file": "images/m31ALLWISE.max-165x165.jpg",
    "width": 165,
    "height": 79,
    "focal_point_key": "",
    "image": 36
  }
},
{
  "model": "wagtailimages.rendition",
  "pk": 96,
  "fields": {
    "filter": 1,
    "file": "images/m31dss.max-165x165.jpg",
    "width": 165,
    "height": 79,
    "focal_point_key": "",
    "image": 35
  }
},
{
  "model": "wagtailimages.rendition",
  "pk": 97,
  "fields": {
    "filter": 1,
    "file": "images/galaxorama.max-165x165.jpg",
    "width": 165,
    "height": 79,
    "focal_point_key": "",
    "image": 37
  }
},
{
  "model": "wagtailimages.rendition",
  "pk": 98,
  "fields": {
    "filter": 3,
    "file": "images/galaxorama.original.jpg",
    "width": 1366,
    "height": 657,
    "focal_point_key": "",
    "image": 37
  }
},
{
  "model": "wagtailimages.rendition",
  "pk": 99,
  "fields": {
    "filter": 4,
    "file": "images/galaxorama.max-800x600.jpg",
    "width": 800,
    "height": 384,
    "focal_point_key": "",
    "image": 37
  }
},
{
  "model": "wagtailimages.rendition",
  "pk": 100,
  "fields": {
    "filter": 3,
    "file": "images/m31dss.original.jpg",
    "width": 1366,
    "height": 657,
    "focal_point_key": "",
    "image": 35
  }
},
{
  "model": "wagtailimages.rendition",
  "pk": 101,
  "fields": {
    "filter": 3,
    "file": "images/m31ALLWISE.original.jpg",
    "width": 1366,
    "height": 657,
    "focal_point_key": "",
    "image": 36
  }
},
{
  "model": "wagtailimages.rendition",
  "pk": 102,
  "fields": {
    "filter": 3,
    "file": "images/m33wide.original.jpg",
    "width": 1366,
    "height": 657,
    "focal_point_key": "",
    "image": 32
  }
},
{
  "model": "wagtailimages.rendition",
  "pk": 103,
  "fields": {
    "filter": 3,
    "file": "images/m101wide2.original.jpg",
    "width": 1366,
    "height": 657,
    "focal_point_key": "",
    "image": 21
  }
},
{
  "model": "wagtailimages.rendition",
  "pk": 104,
  "fields": {
    "filter": 3,
    "file": "images/m81group.original.jpg",
    "width": 1366,
    "height": 657,
    "focal_point_key": "",
    "image": 18
  }
},
{
  "model": "wagtailsearch.query",
  "pk": 1,
  "fields": {
    "query_string": "astronomy"
  }
},
{
  "model": "wagtailsearch.query",
  "pk": 2,
  "fields": {
    "query_string": "hello"
  }
},
{
  "model": "wagtailsearch.query",
  "pk": 3,
  "fields": {
    "query_string": "lawrence"
  }
},
{
  "model": "wagtailsearch.querydailyhits",
  "pk": 1,
  "fields": {
    "query": 1,
    "date": "2016-05-12",
    "hits": 1
  }
},
{
  "model": "wagtailsearch.querydailyhits",
  "pk": 2,
  "fields": {
    "query": 2,
    "date": "2016-05-20",
    "hits": 1
  }
},
{
  "model": "wagtailsearch.querydailyhits",
  "pk": 3,
  "fields": {
    "query": 3,
    "date": "2016-05-20",
    "hits": 1
  }
},
{
  "model": "wagtailcore.site",
  "pk": 1,
  "fields": {
    "hostname": "localhost",
    "port": 80,
    "site_name": "",
    "root_page": 3,
    "is_default_site": true
  }
},
{
  "model": "wagtailcore.collection",
  "pk": 1,
  "fields": {
    "path": "0001",
    "depth": 1,
    "numchild": 0,
    "name": "Root"
  }
},
{
  "model": "taggit.tag",
  "pk": 1,
  "fields": {
    "name": "neyan",
    "slug": "neyan"
  }
},
{
  "model": "taggit.tag",
  "pk": 2,
  "fields": {
    "name": "dina",
    "slug": "dina"
  }
},
{
  "model": "taggit.tag",
  "pk": 3,
  "fields": {
    "name": "m81",
    "slug": "m81"
  }
},
{
  "model": "auth.group",
  "pk": 1,
  "fields": {
    "name": "Moderators",
    "permissions": [
      [
        "access_admin",
        "wagtailadmin",
        "admin"
      ],
      [
        "add_document",
        "wagtaildocs",
        "document"
      ],
      [
        "change_document",
        "wagtaildocs",
        "document"
      ],
      [
        "delete_document",
        "wagtaildocs",
        "document"
      ],
      [
        "add_image",
        "wagtailimages",
        "image"
      ],
      [
        "change_image",
        "wagtailimages",
        "image"
      ],
      [
        "delete_image",
        "wagtailimages",
        "image"
      ]
    ]
  }
},
{
  "model": "auth.group",
  "pk": 2,
  "fields": {
    "name": "Editors",
    "permissions": [
      [
        "access_admin",
        "wagtailadmin",
        "admin"
      ],
      [
        "add_document",
        "wagtaildocs",
        "document"
      ],
      [
        "change_document",
        "wagtaildocs",
        "document"
      ],
      [
        "delete_document",
        "wagtaildocs",
        "document"
      ],
      [
        "add_image",
        "wagtailimages",
        "image"
      ],
      [
        "change_image",
        "wagtailimages",
        "image"
      ],
      [
        "delete_image",
        "wagtailimages",
        "image"
      ]
    ]
  }
},
{
  "model": "auth.user",
  "pk": 1,
  "fields": {
    "password": "pbkdf2_sha256$24000$LC0lRGK22fEV$Dw9cG+R01em0Q0KKKI5ar1ZI7QuD+IBzrAy5JQ+bfGk=",
    "last_login": "2016-05-27T17:24:40.241Z",
    "is_superuser": true,
    "username": "vagrant",
    "first_name": "",
    "last_name": "",
    "email": "",
    "is_staff": true,
    "is_active": true,
    "date_joined": "2016-05-07T11:17:27.979Z",
    "groups": [],
    "user_permissions": []
  }
},
{
  "model": "wagtailcore.page",
  "pk": 1,
  "fields": {
    "path": "0001",
    "depth": 1,
    "numchild": 2,
    "title": "Root",
    "slug": "root",
    "content_type": [
      "wagtailcore",
      "page"
    ],
    "live": true,
    "has_unpublished_changes": false,
    "url_path": "/",
    "owner": null,
    "seo_title": "",
    "show_in_menus": false,
    "search_description": "",
    "go_live_at": null,
    "expire_at": null,
    "expired": false,
    "locked": false,
    "first_published_at": null,
    "latest_revision_created_at": null
  }
},
{
  "model": "wagtailcore.page",
  "pk": 2,
  "fields": {
    "path": "00010001",
    "depth": 2,
    "numchild": 0,
    "title": "Welcome to your new Wagtail site!",
    "slug": "home2",
    "content_type": [
      "wagtailcore",
      "page"
    ],
    "live": false,
    "has_unpublished_changes": true,
    "url_path": "/home2/",
    "owner": null,
    "seo_title": "",
    "show_in_menus": false,
    "search_description": "",
    "go_live_at": null,
    "expire_at": null,
    "expired": false,
    "locked": false,
    "first_published_at": "2016-05-08T05:18:11.926Z",
    "latest_revision_created_at": "2016-05-08T05:18:11.865Z"
  }
},
{
  "model": "wagtailcore.page",
  "pk": 3,
  "fields": {
    "path": "00010002",
    "depth": 2,
    "numchild": 2,
    "title": "home",
    "slug": "home",
    "content_type": [
      "home",
      "homepage"
    ],
    "live": true,
    "has_unpublished_changes": false,
    "url_path": "/home/",
    "owner": [
      "vagrant"
    ],
    "seo_title": "",
    "show_in_menus": false,
    "search_description": "",
    "go_live_at": null,
    "expire_at": null,
    "expired": false,
    "locked": false,
    "first_published_at": "2016-05-07T11:19:47.175Z",
    "latest_revision_created_at": "2016-05-14T06:35:15.933Z"
  }
},
{
  "model": "wagtailcore.page",
  "pk": 4,
  "fields": {
    "path": "000100020001",
    "depth": 3,
    "numchild": 1,
    "title": "contact",
    "slug": "contact",
    "content_type": [
      "home",
      "contactpage"
    ],
    "live": true,
    "has_unpublished_changes": false,
    "url_path": "/home/contact/",
    "owner": [
      "vagrant"
    ],
    "seo_title": "contact astrodear",
    "show_in_menus": true,
    "search_description": "contact astrodear, location astrodear",
    "go_live_at": null,
    "expire_at": null,
    "expired": false,
    "locked": false,
    "first_published_at": "2016-05-07T11:32:54.025Z",
    "latest_revision_created_at": "2016-05-14T07:20:56.260Z"
  }
},
{
  "model": "wagtailcore.page",
  "pk": 7,
  "fields": {
    "path": "000100020002",
    "depth": 3,
    "numchild": 2,
    "title": "sky",
    "slug": "sky",
    "content_type": [
      "home",
      "standardindexpage"
    ],
    "live": true,
    "has_unpublished_changes": false,
    "url_path": "/home/sky/",
    "owner": [
      "vagrant"
    ],
    "seo_title": "",
    "show_in_menus": true,
    "search_description": "",
    "go_live_at": null,
    "expire_at": null,
    "expired": false,
    "locked": false,
    "first_published_at": "2016-05-09T10:19:43.014Z",
    "latest_revision_created_at": "2016-05-14T05:24:09.054Z"
  }
},
{
  "model": "wagtailcore.page",
  "pk": 9,
  "fields": {
    "path": "0001000200010001",
    "depth": 4,
    "numchild": 0,
    "title": "map",
    "slug": "map",
    "content_type": [
      "home",
      "standardpage"
    ],
    "live": true,
    "has_unpublished_changes": false,
    "url_path": "/home/contact/map/",
    "owner": [
      "vagrant"
    ],
    "seo_title": "",
    "show_in_menus": false,
    "search_description": "",
    "go_live_at": null,
    "expire_at": null,
    "expired": false,
    "locked": false,
    "first_published_at": "2016-05-12T13:09:35.149Z",
    "latest_revision_created_at": "2016-05-14T06:48:01.732Z"
  }
},
{
  "model": "wagtailcore.page",
  "pk": 11,
  "fields": {
    "path": "0001000200020001",
    "depth": 4,
    "numchild": 0,
    "title": "Skyview",
    "slug": "skyview",
    "content_type": [
      "sky",
      "skyview"
    ],
    "live": true,
    "has_unpublished_changes": false,
    "url_path": "/home/sky/skyview/",
    "owner": [
      "vagrant"
    ],
    "seo_title": "",
    "show_in_menus": true,
    "search_description": "",
    "go_live_at": null,
    "expire_at": null,
    "expired": false,
    "locked": false,
    "first_published_at": "2016-05-18T10:57:24.678Z",
    "latest_revision_created_at": "2016-05-18T10:57:24.566Z"
  }
},
{
  "model": "wagtailcore.page",
  "pk": 12,
  "fields": {
    "path": "0001000200020002",
    "depth": 4,
    "numchild": 0,
    "title": "Sky images",
    "slug": "sky-images",
    "content_type": [
      "sky",
      "skyimages"
    ],
    "live": true,
    "has_unpublished_changes": false,
    "url_path": "/home/sky/sky-images/",
    "owner": [
      "vagrant"
    ],
    "seo_title": "",
    "show_in_menus": true,
    "search_description": "",
    "go_live_at": null,
    "expire_at": null,
    "expired": false,
    "locked": false,
    "first_published_at": "2016-05-18T10:59:03.223Z",
    "latest_revision_created_at": "2016-05-18T10:59:03.165Z"
  }
},
{
  "model": "wagtailimages.image",
  "pk": 14,
  "fields": {
    "collection": 1,
    "title": "m51sdss.jpg",
    "file": "original_images/m51sdss.jpg",
    "width": 1366,
    "height": 657,
    "created_at": "2016-05-13T13:22:19.345Z",
    "uploaded_by_user": [
      "vagrant"
    ],
    "focal_point_x": null,
    "focal_point_y": null,
    "focal_point_width": null,
    "focal_point_height": null,
    "file_size": 323112
  }
},
{
  "model": "wagtailimages.image",
  "pk": 15,
  "fields": {
    "collection": 1,
    "title": "m64widesdss.jpg",
    "file": "original_images/m64widesdss.jpg",
    "width": 1366,
    "height": 657,
    "created_at": "2016-05-13T13:22:19.988Z",
    "uploaded_by_user": [
      "vagrant"
    ],
    "focal_point_x": null,
    "focal_point_y": null,
    "focal_point_width": null,
    "focal_point_height": null,
    "file_size": 319883
  }
},
{
  "model": "wagtailimages.image",
  "pk": 16,
  "fields": {
    "collection": 1,
    "title": "m66wide.jpg",
    "file": "original_images/m66wide.jpg",
    "width": 1366,
    "height": 657,
    "created_at": "2016-05-13T13:22:20.473Z",
    "uploaded_by_user": [
      "vagrant"
    ],
    "focal_point_x": null,
    "focal_point_y": null,
    "focal_point_width": null,
    "focal_point_height": null,
    "file_size": 345918
  }
},
{
  "model": "wagtailimages.image",
  "pk": 17,
  "fields": {
    "collection": 1,
    "title": "m81.jpg",
    "file": "original_images/m81.jpg",
    "width": 1366,
    "height": 657,
    "created_at": "2016-05-13T13:22:20.913Z",
    "uploaded_by_user": [
      "vagrant"
    ],
    "focal_point_x": null,
    "focal_point_y": null,
    "focal_point_width": null,
    "focal_point_height": null,
    "file_size": 349048
  }
},
{
  "model": "wagtailimages.image",
  "pk": 18,
  "fields": {
    "collection": 1,
    "title": "m81group.jpg",
    "file": "original_images/m81group.jpg",
    "width": 1366,
    "height": 657,
    "created_at": "2016-05-13T13:22:21.386Z",
    "uploaded_by_user": [
      "vagrant"
    ],
    "focal_point_x": null,
    "focal_point_y": null,
    "focal_point_width": null,
    "focal_point_height": null,
    "file_size": 368641
  }
},
{
  "model": "wagtailimages.image",
  "pk": 19,
  "fields": {
    "collection": 1,
    "title": "m87wide.jpg",
    "file": "original_images/m87wide.jpg",
    "width": 1366,
    "height": 657,
    "created_at": "2016-05-13T13:22:21.721Z",
    "uploaded_by_user": [
      "vagrant"
    ],
    "focal_point_x": null,
    "focal_point_y": null,
    "focal_point_width": null,
    "focal_point_height": null,
    "file_size": 315323
  }
},
{
  "model": "wagtailimages.image",
  "pk": 20,
  "fields": {
    "collection": 1,
    "title": "m101wide.jpg",
    "file": "original_images/m101wide.jpg",
    "width": 1366,
    "height": 657,
    "created_at": "2016-05-13T13:22:21.966Z",
    "uploaded_by_user": [
      "vagrant"
    ],
    "focal_point_x": null,
    "focal_point_y": null,
    "focal_point_width": null,
    "focal_point_height": null,
    "file_size": 348589
  }
},
{
  "model": "wagtailimages.image",
  "pk": 21,
  "fields": {
    "collection": 1,
    "title": "m101wide2.jpg",
    "file": "original_images/m101wide2.jpg",
    "width": 1366,
    "height": 657,
    "created_at": "2016-05-13T13:22:22.327Z",
    "uploaded_by_user": [
      "vagrant"
    ],
    "focal_point_x": null,
    "focal_point_y": null,
    "focal_point_width": null,
    "focal_point_height": null,
    "file_size": 183773
  }
},
{
  "model": "wagtailimages.image",
  "pk": 22,
  "fields": {
    "collection": 1,
    "title": "m104wide.jpg",
    "file": "original_images/m104wide.jpg",
    "width": 1366,
    "height": 657,
    "created_at": "2016-05-13T13:22:22.520Z",
    "uploaded_by_user": [
      "vagrant"
    ],
    "focal_point_x": null,
    "focal_point_y": null,
    "focal_point_width": null,
    "focal_point_height": null,
    "file_size": 359934
  }
},
{
  "model": "wagtailimages.image",
  "pk": 23,
  "fields": {
    "collection": 1,
    "title": "m106wide.jpg",
    "file": "original_images/m106wide.jpg",
    "width": 1366,
    "height": 657,
    "created_at": "2016-05-13T13:22:24.240Z",
    "uploaded_by_user": [
      "vagrant"
    ],
    "focal_point_x": null,
    "focal_point_y": null,
    "focal_point_width": null,
    "focal_point_height": null,
    "file_size": 288927
  }
},
{
  "model": "wagtailimages.image",
  "pk": 24,
  "fields": {
    "collection": 1,
    "title": "m109wide.jpg",
    "file": "original_images/m109wide.jpg",
    "width": 1366,
    "height": 657,
    "created_at": "2016-05-13T13:22:24.594Z",
    "uploaded_by_user": [
      "vagrant"
    ],
    "focal_point_x": null,
    "focal_point_y": null,
    "focal_point_width": null,
    "focal_point_height": null,
    "file_size": 325849
  }
},
{
  "model": "wagtailimages.image",
  "pk": 25,
  "fields": {
    "collection": 1,
    "title": "pair.jpg",
    "file": "original_images/pair.jpg",
    "width": 1366,
    "height": 657,
    "created_at": "2016-05-13T13:22:26.349Z",
    "uploaded_by_user": [
      "vagrant"
    ],
    "focal_point_x": null,
    "focal_point_y": null,
    "focal_point_width": null,
    "focal_point_height": null,
    "file_size": 231632
  }
},
{
  "model": "wagtailimages.image",
  "pk": 26,
  "fields": {
    "collection": 1,
    "title": "virgo_cluster.jpg",
    "file": "original_images/virgo_cluster.jpg",
    "width": 1366,
    "height": 657,
    "created_at": "2016-05-13T13:22:26.702Z",
    "uploaded_by_user": [
      "vagrant"
    ],
    "focal_point_x": null,
    "focal_point_y": null,
    "focal_point_width": null,
    "focal_point_height": null,
    "file_size": 323979
  }
},
{
  "model": "wagtailimages.image",
  "pk": 32,
  "fields": {
    "collection": 1,
    "title": "m33wide.jpg",
    "file": "original_images/m33wide.jpg",
    "width": 1366,
    "height": 657,
    "created_at": "2016-05-13T13:22:30.326Z",
    "uploaded_by_user": [
      "vagrant"
    ],
    "focal_point_x": null,
    "focal_point_y": null,
    "focal_point_width": null,
    "focal_point_height": null,
    "file_size": 276137
  }
},
{
  "model": "wagtailimages.image",
  "pk": 33,
  "fields": {
    "collection": 1,
    "title": "m51.jpg",
    "file": "original_images/m51.jpg",
    "width": 1366,
    "height": 657,
    "created_at": "2016-05-13T13:22:32.117Z",
    "uploaded_by_user": [
      "vagrant"
    ],
    "focal_point_x": null,
    "focal_point_y": null,
    "focal_point_width": null,
    "focal_point_height": null,
    "file_size": 169353
  }
},
{
  "model": "wagtailimages.image",
  "pk": 35,
  "fields": {
    "collection": 1,
    "title": "m31dss.jpg",
    "file": "original_images/m31dss.jpg",
    "width": 1366,
    "height": 657,
    "created_at": "2016-05-14T03:04:28.298Z",
    "uploaded_by_user": [
      "vagrant"
    ],
    "focal_point_x": null,
    "focal_point_y": null,
    "focal_point_width": null,
    "focal_point_height": null,
    "file_size": 312046
  }
},
{
  "model": "wagtailimages.image",
  "pk": 36,
  "fields": {
    "collection": 1,
    "title": "m31ALLWISE.jpg",
    "file": "original_images/m31ALLWISE.jpg",
    "width": 1366,
    "height": 657,
    "created_at": "2016-05-14T03:04:29.854Z",
    "uploaded_by_user": [
      "vagrant"
    ],
    "focal_point_x": null,
    "focal_point_y": null,
    "focal_point_width": null,
    "focal_point_height": null,
    "file_size": 201285
  }
},
{
  "model": "wagtailimages.image",
  "pk": 37,
  "fields": {
    "collection": 1,
    "title": "galaxorama.jpg",
    "file": "original_images/galaxorama.jpg",
    "width": 1366,
    "height": 657,
    "created_at": "2016-05-14T03:36:49.915Z",
    "uploaded_by_user": [
      "vagrant"
    ],
    "focal_point_x": null,
    "focal_point_y": null,
    "focal_point_width": null,
    "focal_point_height": null,
    "file_size": 339621
  }
},
{
  "model": "sky.skyimages",
  "pk": 12,
  "fields": {}
},
{
  "model": "sky.skyview",
  "pk": 11,
  "fields": {}
},
{
  "model": "home.contactpage",
  "pk": 4,
  "fields": {
    "telephone": "xxx-xxx-xxxx",
    "email": "contact@astrodear.org",
    "address_1": "ASTRODEAR",
    "address_2": "",
    "city": "",
    "country": "",
    "post_code": "",
    "intro": "<p>Find us on <a id=\"9\" linktype=\"page\">map.</a> </p>",
    "body": "<p></p><p>\u00a0<br/></p><p></p>",
    "feed_image": null
  }
},
{
  "model": "home.standardpage",
  "pk": 9,
  "fields": {
    "intro": "<p>We are international. <br/></p>",
    "body": "[{\"type\": \"google_map\", \"value\": {\"map_long\": \"0\", \"map_zoom_level\": \"2\", \"map_lat\": \"0\"}}]",
    "feed_image": null
  }
},
{
  "model": "home.standardindexpage",
  "pk": 7,
  "fields": {
    "intro": "<p>In this section you'll find resources to learn about different objects in the sky.<br/></p>",
    "feed_image": null
  }
},
{
  "model": "home.homepage",
  "pk": 3,
  "fields": {
    "body": "[{\"type\": \"paragraph\", \"value\": \"<h2>What is ASTRODEAR?<br/></h2><p>ASTRODEAR (ASTRO Development, Education, And Research) is an international organization dedicated to the development, education, and research in astronomy, astrophysics, astroparticle physics, cosmology, and related sciences. <br/></p><h2>Current projects<br/></h2><ul><li>provide tools and resources to promote astro-sciences among children and general public.</li><li>build software<i> tools</i> for teachers and educators.</li><li>define <i>concept trees </i>starting at the level that assumes little or no prior knowledge of the astro-related sciences  .<br/></li><li>develop and host <i>educational resources and content</i> based on the <i>concept trees</i> and the <i>tools</i> built here and elsewhere.<br/></li><li>define<i> syllabus</i> and design <i>courses</i> for a systematic education in astro-related sciences.</li><li>define and design interfaces of online astro-databases for <i>data oriented research</i>.<br/></li></ul><p>Have ideas or want to contribute? <a id=\\\"4\\\" linktype=\\\"page\\\">Join us</a>. <br/></p><p>Please come back as we will be regularly adding content on this site. <br/></p><p><br/></p><h2><br/></h2>\"}]"
  }
}
]
